alien-xmas-opt.jpg,Alien Xmas,both,6,12
angelasxmaswishmovieposter.jpg,Angela's Christmas Wish,both,6,12
spongebob-musical-live-cover.jpg,The SpongeBob Musical: Live on Stage!,both,6,12
terra-willy-poster.jpg,Terra Willy,both,6,12
over-the-moon-movie-poster-image0_0.jpg, Over the Moon,both,6,12
news-of-the-world-movie-poster2.jpg, News of the World,both,6,15
themidnightsky-movie-poster-image.jpg,The Midnight Sky,both,6,15
sylvieslove-movie-poster-image.jpg, Sylvie's Love,both,6,15
modern-persuasion-movie2020-poster.jpg,Modern Persuasion,both,6,15
maxcloud-movie-poster.jpg,Max Cloud,both,6,15
pow_0.jpg, Pieces of a Woman,both,6,18
sitc-poster.jpg, Shadow in the Cloud, both,6,17
shortcut-movie-poster.jpg,Shortcut,both,6,17
hunterhunter-movie-poster.jpg, Hunter Hunter,both,6,17
openingact-movie-cover.jpg,the Opening Act, both,6,17
alone-movie-2020-cover.jpg, Alone,both,6,17
possessoruncut-movie-posterimage.jpg,Possessor Uncut,both,6,60
the-devil-all-the-time-movie-poster-image0.jpg, The Devil All the Time,both,18,60
the-painted-bird-resized-opt.jpg, The Painted Bird, both,18,60
high-life-movie-poster-image0.jpg, High Life,both,18,60
elisaandmarcelamovie-poster.jpg, Elisa & Marcela,both,18,60
7dr3warhu63ibsdsjtn2nptcfnv.jpg, River's Edge,both,18,60
wonder-woman-trailer-11-1-1576990189516872227615-15814813684701703674599_eltp.png, Wonder Women,both,18,60
